model,accuracy,precision,recall,f1_score,roc_auc
Gradient Boosting,0.8291666666666667,0.7647058823529411,0.6753246753246753,0.7172413793103448,0.9134730300374472
Random Forest,0.825,0.7536231884057971,0.6753246753246753,0.7123287671232876,0.8990518683770218
Logistic Regression,0.7791666666666667,0.6935483870967742,0.5584415584415584,0.6187050359712231,0.8435184447454386
