model,accuracy,precision,recall,f1_score,roc_auc
Random Forest,0.825,0.7692307692307693,0.6493506493506493,0.704225352112676,0.8980160943351128
Gradient Boosting,0.8166666666666667,0.7323943661971831,0.6753246753246753,0.7027027027027027,0.9118795315114333
Logistic Regression,0.775,0.6885245901639344,0.5454545454545454,0.6086956521739131,0.8416859214405226
